street,x,y,
1898 Mountain Rd NW,-106.6671463,35.09810448258238,
Central and Tingley,-106.6792709,35.09120466,
2550 Central Ave NE,-106.6174195,35.08064641223119,
2901 Central Ave NE,-106.6121796,35.081119862063865,
330 Tijeras Ave NW,-106.3903548,35.078958499474496,
nothing street,-106,35,
824 Stover Ave SW,-106.658752,35.079379,
1801 18th St NW,-106.665289,35.09842,
400 Lomas Blvd NW,-106.651098,35.09092818,
520 Lomas Blvd NW,-106.6525449,35.09111931,
,,,
,,,
